<?xml version="1.0" encoding="UTF-8" standalone="no"?>
<Configuration version="2.0.0.12">
  <Designer>
    <Assets dnOrder="0">
      <Settings bpp="16" dnOrder="0">
        <MemoryLocations dnOrder="0">
          <MemoryLocation address="0" dnOrder="0" id="default"/>
        </MemoryLocations>
      </Settings>
    </Assets>
    <Schemes defaultSchemeName="default" dnOrder="1">
      <Scheme dnOrder="0" name="default">
        <Alpha dnOrder="0">100</Alpha>
        <BackgroundOffset dnOrder="1">0,0</BackgroundOffset>
        <BackgroundType dnOrder="2">None</BackgroundType>
        <Colors dnOrder="3">
          <Background dnOrder="0">000000</Background>
          <Disabled dnOrder="1">C0C0C0</Disabled>
          <EmbossDark dnOrder="2">404040</EmbossDark>
          <EmbossLight dnOrder="3">C0C0C0</EmbossLight>
          <GradientEnd dnOrder="4">FFFFFF</GradientEnd>
          <GradientStart dnOrder="5">000000</GradientStart>
          <Primary dnOrder="6">FFFFFF</Primary>
          <Secondary dnOrder="7">404040</Secondary>
          <TextDisabled dnOrder="8">404040</TextDisabled>
          <TextPrimary dnOrder="9">000000</TextPrimary>
          <TextSecondary dnOrder="10">FFFFFF</TextSecondary>
        </Colors>
        <EmbossSize dnOrder="4">3</EmbossSize>
        <FillStyle dnOrder="5">Color</FillStyle>
      </Scheme>
    </Schemes>
    <Screens dnOrder="2" height="200" width="320">
      <Screen active="true" background="000000" clearOnShow="true" dnOrder="0" doubleBuffer="false" export="true" name="Untitled" primary="true" visible="true">
        <Objects dnOrder="0"/>
      </Screen>
    </Screens>
  </Designer>
  <DisplayManager>
    <SystemInitScript dnOrder="0"/>
    <SystemStartScript dnOrder="1"/>
  </DisplayManager>
  <General>
    <HarmonyPath dnOrder="0" path="../../../.."/>
    <Processor dnOrder="1" name="PIC32MZ2048EFM144"/>
    <Board dnOrder="2" name=""/>
    <ForceOptimization dnOrder="3" flag="true"/>
    <MergeStrategy dnOrder="4" flag="USER_ALL"/>
  </General>
  <Manifest>
    <Files dnOrder="0">
      <File dnOrder="0">
        <Name dnOrder="0">semphr.h</Name>
        <Path dnOrder="1">Header&amp;#160;Files/FreeRTOS</Path>
      </File>
      <File dnOrder="1">
        <Name dnOrder="0">list.c</Name>
        <Path dnOrder="1">Source&amp;#160;Files/FreeRTOS</Path>
      </File>
      <File dnOrder="2">
        <Name dnOrder="0">queue.h</Name>
        <Path dnOrder="1">Header&amp;#160;Files/FreeRTOS</Path>
      </File>
      <File dnOrder="3">
        <Name dnOrder="0">osal_freertos.h</Name>
        <Path dnOrder="1">Header&amp;#160;Files/framework/osal</Path>
      </File>
      <File dnOrder="4">
        <Name dnOrder="0">osal.h</Name>
        <Path dnOrder="1">Header&amp;#160;Files/framework/osal</Path>
      </File>
      <File dnOrder="5">
        <Name dnOrder="0">croutine.c</Name>
        <Path dnOrder="1">Source&amp;#160;Files/FreeRTOS</Path>
      </File>
      <File dnOrder="6">
        <Name dnOrder="0">StackMacros.h</Name>
        <Path dnOrder="1">Header&amp;#160;Files/FreeRTOS</Path>
      </File>
      <File dnOrder="7">
        <Name dnOrder="0">osal_freertos.c</Name>
        <Path dnOrder="1">Source&amp;#160;Files/framework/osal/src</Path>
      </File>
      <File dnOrder="8">
        <Name dnOrder="0">tasks.c</Name>
        <Path dnOrder="1">Source&amp;#160;Files/FreeRTOS</Path>
      </File>
      <File dnOrder="9">
        <Name dnOrder="0">mpu_prototypes.h</Name>
        <Path dnOrder="1">Header&amp;#160;Files/FreeRTOS</Path>
      </File>
      <File dnOrder="10">
        <Name dnOrder="0">sys_ports.h</Name>
        <Path dnOrder="1">Header&amp;#160;Files/framework/system/ports</Path>
      </File>
      <File dnOrder="11">
        <Name dnOrder="0">portmacro.h</Name>
        <Path dnOrder="1">Header&amp;#160;Files/FreeRTOS/portable/MPLAB/PIC32MZ</Path>
      </File>
      <File dnOrder="12">
        <Name dnOrder="0">projdefs.h</Name>
        <Path dnOrder="1">Header&amp;#160;Files/FreeRTOS</Path>
      </File>
      <File dnOrder="13">
        <Name dnOrder="0">ISR_Support.h</Name>
        <Path dnOrder="1">Header&amp;#160;Files/FreeRTOS/portable/MPLAB/PIC32MZ</Path>
      </File>
      <File dnOrder="14">
        <Name dnOrder="0">portable.h</Name>
        <Path dnOrder="1">Header&amp;#160;Files/FreeRTOS</Path>
      </File>
      <File dnOrder="15">
        <Name dnOrder="0">croutine.h</Name>
        <Path dnOrder="1">Header&amp;#160;Files/FreeRTOS</Path>
      </File>
      <File dnOrder="16">
        <Name dnOrder="0">list.h</Name>
        <Path dnOrder="1">Header&amp;#160;Files/FreeRTOS</Path>
      </File>
      <File dnOrder="17">
        <Name dnOrder="0">sys_common.h</Name>
        <Path dnOrder="1">Header&amp;#160;Files/framework/system/common</Path>
      </File>
      <File dnOrder="18">
        <Name dnOrder="0">sys_buffer.h</Name>
        <Path dnOrder="1">Header&amp;#160;Files/framework/system/common</Path>
      </File>
      <File dnOrder="19">
        <Name dnOrder="0">sys_int_pic32.c</Name>
        <Path dnOrder="1">Source&amp;#160;Files/framework/system/int/src</Path>
      </File>
      <File dnOrder="20">
        <Name dnOrder="0">event_groups.h</Name>
        <Path dnOrder="1">Header&amp;#160;Files/FreeRTOS</Path>
      </File>
      <File dnOrder="21">
        <Name dnOrder="0">stream_buffer.h</Name>
        <Path dnOrder="1">Header&amp;#160;Files/FreeRTOS</Path>
      </File>
      <File dnOrder="22">
        <Name dnOrder="0">sys_clk_compatibility.h</Name>
        <Path dnOrder="1">Header&amp;#160;Files/framework/system/clk</Path>
      </File>
      <File dnOrder="23">
        <Name dnOrder="0">sys_clk.h</Name>
        <Path dnOrder="1">Header&amp;#160;Files/framework/system/clk</Path>
      </File>
      <File dnOrder="24">
        <Name dnOrder="0">sys_ports_definitions.h</Name>
        <Path dnOrder="1">Header&amp;#160;Files/framework/system/ports</Path>
      </File>
      <File dnOrder="25">
        <Name dnOrder="0">osal_impl_basic.h</Name>
        <Path dnOrder="1">Header&amp;#160;Files/framework/osal</Path>
      </File>
      <File dnOrder="26">
        <Name dnOrder="0">sys_clk_mapping.h</Name>
        <Path dnOrder="1">Header&amp;#160;Files/framework/system/clk</Path>
      </File>
      <File dnOrder="27">
        <Name dnOrder="0">osal_definitions.h</Name>
        <Path dnOrder="1">Header&amp;#160;Files/framework/osal</Path>
      </File>
      <File dnOrder="28">
        <Name dnOrder="0">sys_int_mapping.h</Name>
        <Path dnOrder="1">Header&amp;#160;Files/framework/system/int</Path>
      </File>
      <File dnOrder="29">
        <Name dnOrder="0">stream_buffer.c</Name>
        <Path dnOrder="1">Source&amp;#160;Files/FreeRTOS</Path>
      </File>
      <File dnOrder="30">
        <Name dnOrder="0">FreeRTOS.h</Name>
        <Path dnOrder="1">Header&amp;#160;Files/FreeRTOS</Path>
      </File>
      <File dnOrder="31">
        <Name dnOrder="0">sys_int_private.h</Name>
        <Path dnOrder="1">Header&amp;#160;Files/framework/system/int/src</Path>
      </File>
      <File dnOrder="32">
        <Name dnOrder="0">deprecated_definitions.h</Name>
        <Path dnOrder="1">Header&amp;#160;Files/FreeRTOS</Path>
      </File>
      <File dnOrder="33">
        <Name dnOrder="0">event_groups.c</Name>
        <Path dnOrder="1">Source&amp;#160;Files/FreeRTOS</Path>
      </File>
      <File dnOrder="34">
        <Name dnOrder="0">system.h</Name>
        <Path dnOrder="1">Header&amp;#160;Files/framework/system</Path>
      </File>
      <File dnOrder="35">
        <Name dnOrder="0">port_asm.S</Name>
        <Path dnOrder="1">Source&amp;#160;Files/FreeRTOS/portable/MPLAB/PIC32MZ</Path>
      </File>
      <File dnOrder="36">
        <Name dnOrder="0">sys_debug.h</Name>
        <Path dnOrder="1">Header&amp;#160;Files/framework/system/debug</Path>
      </File>
      <File dnOrder="37">
        <Name dnOrder="0">sys_module.h</Name>
        <Path dnOrder="1">Header&amp;#160;Files/framework/system/common</Path>
      </File>
      <File dnOrder="38">
        <Name dnOrder="0">message_buffer.h</Name>
        <Path dnOrder="1">Header&amp;#160;Files/FreeRTOS</Path>
      </File>
      <File dnOrder="39">
        <Name dnOrder="0">timers.h</Name>
        <Path dnOrder="1">Header&amp;#160;Files/FreeRTOS</Path>
      </File>
      <File dnOrder="40">
        <Name dnOrder="0">timers.c</Name>
        <Path dnOrder="1">Source&amp;#160;Files/FreeRTOS</Path>
      </File>
      <File dnOrder="41">
        <Name dnOrder="0">heap_1.c</Name>
        <Path dnOrder="1">Source&amp;#160;Files/FreeRTOS/portable/MemMang</Path>
      </File>
      <File dnOrder="42">
        <Name dnOrder="0">task.h</Name>
        <Path dnOrder="1">Header&amp;#160;Files/FreeRTOS</Path>
      </File>
      <File dnOrder="43">
        <Name dnOrder="0">mpu_wrappers.h</Name>
        <Path dnOrder="1">Header&amp;#160;Files/FreeRTOS</Path>
      </File>
      <File dnOrder="44">
        <Name dnOrder="0">port.c</Name>
        <Path dnOrder="1">Source&amp;#160;Files/FreeRTOS/portable/MPLAB/PIC32MZ</Path>
      </File>
      <File dnOrder="45">
        <Name dnOrder="0">sys_queue.h</Name>
        <Path dnOrder="1">Header&amp;#160;Files/framework/system/common</Path>
      </File>
      <File dnOrder="46">
        <Name dnOrder="0">queue.c</Name>
        <Path dnOrder="1">Source&amp;#160;Files/FreeRTOS</Path>
      </File>
      <File dnOrder="47">
        <Name dnOrder="0">sys_int.h</Name>
        <Path dnOrder="1">Header&amp;#160;Files/framework/system/int</Path>
      </File>
    </Files>
    <Templates dnOrder="1">
      <Template dnOrder="0">
        <Name dnOrder="0">bsp.c</Name>
        <Path dnOrder="1">Source&amp;#160;Files/app/system_config/pic32mz_ef_sk/bsp</Path>
        <Checksum dnOrder="2">7A4BC38886BA2002B33609AB1FB4BA70</Checksum>
      </Template>
      <Template dnOrder="1">
        <Name dnOrder="0">FreeRTOSConfig.h</Name>
        <Path dnOrder="1">Header&amp;#160;Files/app/system_config/pic32mz_ef_sk</Path>
        <Checksum dnOrder="2">504502F93CECAB9A5F885B7B4AEF21A2</Checksum>
      </Template>
      <Template dnOrder="2">
        <Name dnOrder="0">app3.c</Name>
        <Path dnOrder="1">Source&amp;#160;Files/app</Path>
      </Template>
      <Template dnOrder="3">
        <Name dnOrder="0">system_init.c</Name>
        <Path dnOrder="1">Source&amp;#160;Files/app/system_config/pic32mz_ef_sk</Path>
        <Checksum dnOrder="2">EA4364E265A707F50E4C17DE037D8378</Checksum>
      </Template>
      <Template dnOrder="4">
        <Name dnOrder="0">app1.c</Name>
        <Path dnOrder="1">Source&amp;#160;Files/app</Path>
      </Template>
      <Template dnOrder="5">
        <Name dnOrder="0">app2.c</Name>
        <Path dnOrder="1">Source&amp;#160;Files/app</Path>
      </Template>
      <Template dnOrder="6">
        <Name dnOrder="0">app2.h</Name>
        <Path dnOrder="1">Header&amp;#160;Files/app</Path>
      </Template>
      <Template dnOrder="7">
        <Name dnOrder="0">app3.h</Name>
        <Path dnOrder="1">Header&amp;#160;Files/app</Path>
      </Template>
      <Template dnOrder="8">
        <Name dnOrder="0">app1.h</Name>
        <Path dnOrder="1">Header&amp;#160;Files/app</Path>
      </Template>
      <Template dnOrder="9">
        <Name dnOrder="0">sys_ports_static.c</Name>
        <Path dnOrder="1">Source&amp;#160;Files/app/system_config/pic32mz_ef_sk/framework/system/ports/src</Path>
        <Checksum dnOrder="2">9F9431647873BECD2024DFA5B4B7E10C</Checksum>
      </Template>
      <Template dnOrder="10">
        <Name dnOrder="0">system_definitions.h</Name>
        <Path dnOrder="1">Header&amp;#160;Files/app/system_config/pic32mz_ef_sk</Path>
        <Checksum dnOrder="2">2817D55BAB29D374400DD6B9DE32ED2F</Checksum>
      </Template>
      <Template dnOrder="11">
        <Name dnOrder="0">rtos_hooks.c</Name>
        <Path dnOrder="1">Source&amp;#160;Files/app/system_config/pic32mz_ef_sk</Path>
        <Checksum dnOrder="2">1B1A60B954C976ED9682C9D68D82942F</Checksum>
      </Template>
      <Template dnOrder="12">
        <Name dnOrder="0">main.c</Name>
        <Path dnOrder="1">Source&amp;#160;Files/app</Path>
      </Template>
      <Template dnOrder="13">
        <Name dnOrder="0">sys_devcon_cache.h</Name>
        <Path dnOrder="1">Source&amp;#160;Files/app/system_config/pic32mz_ef_sk/framework/system/devcon/src</Path>
        <Checksum dnOrder="2">5EB0485AC07A8B25665195B960AFBE5B</Checksum>
      </Template>
      <Template dnOrder="14">
        <Name dnOrder="0">system_interrupt.c</Name>
        <Path dnOrder="1">Source&amp;#160;Files/app/system_config/pic32mz_ef_sk</Path>
        <Checksum dnOrder="2">9F409D9D3B6921F791DCEEB03A7938F1</Checksum>
      </Template>
      <Template dnOrder="15">
        <Name dnOrder="0">sys_devcon_cache_pic32mz.S</Name>
        <Path dnOrder="1">Source&amp;#160;Files/app/system_config/pic32mz_ef_sk/framework/system/devcon/src</Path>
        <Checksum dnOrder="2">D0A9CCA1CA85BB1CE7364A5DE10CC07D</Checksum>
      </Template>
      <Template dnOrder="16">
        <Name dnOrder="0">sys_devcon_pic32mz.c</Name>
        <Path dnOrder="1">Source&amp;#160;Files/app/system_config/pic32mz_ef_sk/framework/system/devcon/src</Path>
        <Checksum dnOrder="2">D011F212E6410A0C92087C188E1F60AF</Checksum>
      </Template>
      <Template dnOrder="17">
        <Name dnOrder="0">system_config.h</Name>
        <Path dnOrder="1">Header&amp;#160;Files/app/system_config/pic32mz_ef_sk</Path>
        <Checksum dnOrder="2">444E854CB4B65AE809BC6CB4766CCF60</Checksum>
      </Template>
      <Template dnOrder="18">
        <Name dnOrder="0">app.c</Name>
        <Path dnOrder="1">Source&amp;#160;Files/app</Path>
      </Template>
      <Template dnOrder="19">
        <Name dnOrder="0">sys_devcon_local.h</Name>
        <Path dnOrder="1">Header&amp;#160;Files/app/system_config/pic32mz_ef_sk/framework/system/devcon/src</Path>
        <Checksum dnOrder="2">B66F9B4DBD85DA7F9DE775E864E01395</Checksum>
      </Template>
      <Template dnOrder="20">
        <Name dnOrder="0">system_exceptions.c</Name>
        <Path dnOrder="1">Source&amp;#160;Files/app/system_config/pic32mz_ef_sk</Path>
        <Checksum dnOrder="2">9836A04F3E98D3971DB91DF539160F34</Checksum>
      </Template>
      <Template dnOrder="21">
        <Name dnOrder="0">app.h</Name>
        <Path dnOrder="1">Header&amp;#160;Files/app</Path>
      </Template>
      <Template dnOrder="22">
        <Name dnOrder="0">system_interrupt_a.S</Name>
        <Path dnOrder="1">Source&amp;#160;Files/app/system_config/pic32mz_ef_sk</Path>
        <Checksum dnOrder="2">F8E29721D7D91213A568F3DC060408EC</Checksum>
      </Template>
      <Template dnOrder="23">
        <Name dnOrder="0">bsp.h</Name>
        <Path dnOrder="1">Header&amp;#160;Files/app/system_config/pic32mz_ef_sk/bsp</Path>
        <Checksum dnOrder="2">F740DA09253C01A3D03B3FD6565F5267</Checksum>
      </Template>
      <Template dnOrder="24">
        <Name dnOrder="0">sys_clk_pic32mz.c</Name>
        <Path dnOrder="1">Source&amp;#160;Files/app/system_config/pic32mz_ef_sk/framework/system/clk/src</Path>
        <Checksum dnOrder="2">091679006649FD2C1F94CE9EF4A2F7B6</Checksum>
      </Template>
      <Template dnOrder="25">
        <Name dnOrder="0">sys_devcon.h</Name>
        <Path dnOrder="1">Header&amp;#160;Files/app/system_config/pic32mz_ef_sk/framework/system/devcon</Path>
        <Checksum dnOrder="2">07580DCDEF89D9C79B062544109C5367</Checksum>
      </Template>
      <Template dnOrder="26">
        <Name dnOrder="0">sys_devcon.c</Name>
        <Path dnOrder="1">Source&amp;#160;Files/app/system_config/pic32mz_ef_sk/framework/system/devcon/src</Path>
        <Checksum dnOrder="2">54ADBD4A35BCA03C42C74182FCE41849</Checksum>
      </Template>
      <Template dnOrder="27">
        <Name dnOrder="0">system_tasks.c</Name>
        <Path dnOrder="1">Source&amp;#160;Files/app/system_config/pic32mz_ef_sk</Path>
        <Checksum dnOrder="2">8C03FBAA531FFF9BEC29ADAB6F837C7C</Checksum>
      </Template>
    </Templates>
    <CompilerItems dnOrder="2">
      <C32-AS dnOrder="0">
        <Include dnOrder="0" value="../../../../../../third_party/rtos/FreeRTOS/Source/include"/>
        <Include dnOrder="1" value="../../../../../../third_party/rtos/FreeRTOS/Source/portable/MPLAB/PIC32MZ"/>
        <Include dnOrder="2" value="../src/system_config/pic32mz_ef_sk"/>
      </C32-AS>
      <C32 dnOrder="1">
        <Include dnOrder="0" value="D:\Projects\harmony_2\apps\rtos\freertos\basic\firmware\src"/>
        <Include dnOrder="1" value="D:\Projects\harmony_2\apps\rtos\freertos\basic\firmware\src\system_config\pic32mz_ef_sk"/>
        <Include dnOrder="2" value="D:\Projects\harmony_2\apps\rtos\freertos\basic\firmware\src\pic32mz_ef_sk"/>
        <Include dnOrder="3" value="D:\Projects\harmony_2\framework"/>
        <Include dnOrder="4" value="D:\Projects\harmony_2\apps\rtos\freertos\basic\firmware\src\system_config\pic32mz_ef_sk\framework"/>
        <Include dnOrder="5" value="../src/system_config/pic32mz_ef_sk/bsp"/>
        <Include dnOrder="6" value="../../../../../../third_party/rtos/FreeRTOS/Source/include"/>
        <Include dnOrder="7" value="../../../../../../third_party/rtos/FreeRTOS/Source/portable/MPLAB/PIC32MZ"/>
        <Include dnOrder="8" value="../src/system_config/pic32mz_ef_sk"/>
      </C32>
    </CompilerItems>
    <Libraries dnOrder="3">
      <Library dnOrder="0" value="../../../../../../bin/framework/peripheral/PIC32MZ2048EFM144_peripherals.a"/>
    </Libraries>
  </Manifest>
</Configuration>
