<?xml version="1.0" encoding="UTF-8"?>
<configurationDescriptor version="65">
  <projectmakefile>Makefile</projectmakefile>
  <defaultConf>1</defaultConf>
  <confs>
    <conf name="pic32mz_sk" type="2">
      <platformToolSN></platformToolSN>
      <languageToolchainDir>C:\Program Files (x86)\Microchip\xc32\v2.30\bin</languageToolchainDir>
      <mdbdebugger version="1">
        <placeholder1>place holder 1</placeholder1>
        <placeholder2>place holder 2</placeholder2>
      </mdbdebugger>
      <runprofile version="6">
        <args></args>
        <rundir></rundir>
        <buildfirst>true</buildfirst>
        <console-type>0</console-type>
        <terminal-type>0</terminal-type>
        <remove-instrumentation>0</remove-instrumentation>
        <environment>
        </environment>
      </runprofile>
    </conf>
    <conf name="pic32mx_sk" type="2">
      <platformToolSN>:=MPLABComm-USB-Microchip:=&lt;vid>04D8:=&lt;pid>8107:=&lt;rev>0002:=&lt;man>Microchip Technology Incorporated:=&lt;prod>PIC32 USB SK III:=&lt;sn>BUR180214001:=&lt;drv>x:=&lt;xpt>h:=end</platformToolSN>
      <languageToolchainDir>C:\Program Files (x86)\Microchip\xc32\v2.30\bin</languageToolchainDir>
      <mdbdebugger version="1">
        <placeholder1>place holder 1</placeholder1>
        <placeholder2>place holder 2</placeholder2>
      </mdbdebugger>
      <runprofile version="6">
        <args></args>
        <rundir></rundir>
        <buildfirst>true</buildfirst>
        <console-type>0</console-type>
        <terminal-type>0</terminal-type>
        <remove-instrumentation>0</remove-instrumentation>
        <environment>
        </environment>
      </runprofile>
    </conf>
    <conf name="pic32mz_ef_sk" type="2">
      <platformToolSN></platformToolSN>
      <languageToolchainDir>C:\Program Files (x86)\Microchip\xc32\v2.30\bin</languageToolchainDir>
      <mdbdebugger version="1">
        <placeholder1>place holder 1</placeholder1>
        <placeholder2>place holder 2</placeholder2>
      </mdbdebugger>
      <runprofile version="6">
        <args></args>
        <rundir></rundir>
        <buildfirst>true</buildfirst>
        <console-type>0</console-type>
        <terminal-type>0</terminal-type>
        <remove-instrumentation>0</remove-instrumentation>
        <environment>
        </environment>
      </runprofile>
    </conf>
    <conf name="pic32mz_ef_sk_microMIPS" type="2">
      <platformToolSN></platformToolSN>
      <languageToolchainDir>C:\Program Files (x86)\Microchip\xc32\v2.30\bin</languageToolchainDir>
      <mdbdebugger version="1">
        <placeholder1>place holder 1</placeholder1>
        <placeholder2>place holder 2</placeholder2>
      </mdbdebugger>
      <runprofile version="6">
        <args></args>
        <rundir></rundir>
        <buildfirst>true</buildfirst>
        <console-type>0</console-type>
        <terminal-type>0</terminal-type>
        <remove-instrumentation>0</remove-instrumentation>
        <environment>
        </environment>
      </runprofile>
    </conf>
    <conf name="pic32mx_sk_mips16" type="2">
      <platformToolSN></platformToolSN>
      <languageToolchainDir>C:\Program Files (x86)\Microchip\xc32\v2.30\bin</languageToolchainDir>
      <mdbdebugger version="1">
        <placeholder1>place holder 1</placeholder1>
        <placeholder2>place holder 2</placeholder2>
      </mdbdebugger>
      <runprofile version="6">
        <args></args>
        <rundir></rundir>
        <buildfirst>true</buildfirst>
        <console-type>0</console-type>
        <terminal-type>0</terminal-type>
        <remove-instrumentation>0</remove-instrumentation>
        <environment>
        </environment>
      </runprofile>
    </conf>
  </confs>
</configurationDescriptor>
