<?xml version="1.0" encoding="UTF-8"?>
<project xmlns="http://www.netbeans.org/ns/project/1">
    <type>com.microchip.mplab.nbide.embedded.makeproject</type>
    <configuration>
        <Harmony xmlns="Harmony" MHC="true"/>
        <data xmlns="http://www.netbeans.org/ns/make-project/1">
            <name>basic_freertos</name>
            <creation-uuid>e54023e9-3948-44ef-bf6f-29d8b223e555</creation-uuid>
            <make-project-type>0</make-project-type>
            <c-extensions>c</c-extensions>
            <cpp-extensions/>
            <header-extensions>h</header-extensions>
            <asminc-extensions/>
            <sourceEncoding>ISO-8859-1</sourceEncoding>
            <make-dep-projects>
                <make-dep-project>../../../../../../../../../../skaug015_accelerometer.spi.X</make-dep-project>
            </make-dep-projects>
            <sourceRootList>
                <sourceRootElem>../src</sourceRootElem>
                <sourceRootElem>../src/system_config/pic32mz_sk</sourceRootElem>
                <sourceRootElem>../src/system_config/pic32mx_sk</sourceRootElem>
                <sourceRootElem>../src/system_config/pic32mz_ef_sk</sourceRootElem>
                <sourceRootElem>../../../..</sourceRootElem>
                <sourceRootElem>../src/system_config/pic32mz_da_sk</sourceRootElem>
                <sourceRootElem>../src/system_config/pic32mz_ef_sk_microMIPS</sourceRootElem>
                <sourceRootElem>..\src</sourceRootElem>
                <sourceRootElem>..\src\pic32mz_ef_sk_microMIPS</sourceRootElem>
                <sourceRootElem>..\src\system_config\pic32mz_ef_sk_microMIPS</sourceRootElem>
                <sourceRootElem>..\src\pic32mz_ef_sk</sourceRootElem>
                <sourceRootElem>..\src\system_config\pic32mz_ef_sk</sourceRootElem>
                <sourceRootElem>..\src\pic32mz_sk</sourceRootElem>
                <sourceRootElem>..\src\system_config\pic32mz_sk</sourceRootElem>
                <sourceRootElem>..\src\pic32mx_sk</sourceRootElem>
                <sourceRootElem>..\src\system_config\pic32mx_sk</sourceRootElem>
                <sourceRootElem>..\src\pic32mz_da_sk</sourceRootElem>
                <sourceRootElem>..\src\system_config\pic32mz_da_sk</sourceRootElem>
                <sourceRootElem>../src/pic32mx_sk_mips16</sourceRootElem>
                <sourceRootElem>../src/system_config/pic32mx_sk_mips16</sourceRootElem>
                <sourceRootElem>../src/pic32mz_sk</sourceRootElem>
                <sourceRootElem>../src/pic32mz_ef_sk</sourceRootElem>
                <sourceRootElem>../src/pic32mz_da_sk</sourceRootElem>
                <sourceRootElem>../src/pic32mz_ef_sk_microMIPS</sourceRootElem>
                <sourceRootElem>../src/pic32mx_sk</sourceRootElem>
                <sourceRootElem>..\src\pic32mx_sk_mips16</sourceRootElem>
                <sourceRootElem>..\src\system_config\pic32mx_sk_mips16</sourceRootElem>
            </sourceRootList>
            <confList>
                <confElem>
                    <name>pic32mz_sk</name>
                    <type>2</type>
                </confElem>
                <confElem>
                    <name>pic32mx_sk</name>
                    <type>2</type>
                </confElem>
                <confElem>
                    <name>pic32mz_ef_sk</name>
                    <type>2</type>
                </confElem>
                <confElem>
                    <name>pic32mz_ef_sk_microMIPS</name>
                    <type>2</type>
                </confElem>
                <confElem>
                    <name>pic32mx_sk_mips16</name>
                    <type>2</type>
                </confElem>
            </confList>
            <formatting>
                <project-formatting-style>false</project-formatting-style>
            </formatting>
        </data>
    </configuration>
</project>
