<?xml version="1.0" encoding="UTF-8"?>
<project-private xmlns="http://www.netbeans.org/ns/project-private/1">
    <editor-bookmarks xmlns="http://www.netbeans.org/ns/editor-bookmarks/2" lastBookmarkId="0"/>
    <open-files xmlns="http://www.netbeans.org/ns/projectui-open-files/2">
        <group>
            <file>file:/C:/Users/Alex/Documents/Repos/DoneAFuckyWucky/Lab02/skaug015_Lab02_V1.X/skaug015_accelerometer_spi.h</file>
            <file>file:/C:/Users/Alex/Documents/Repos/DoneAFuckyWucky/Lab02/skaug015_Lab02_V1.X/io_setup.c</file>
            <file>file:/C:/Users/Alex/Documents/Repos/DoneAFuckyWucky/Lab02/skaug015_Lab02_V1.X/spi2_read_register.c</file>
            <file>file:/C:/Users/Alex/Documents/Repos/DoneAFuckyWucky/Lab02/skaug015_Lab02_V1.X/uart1_setup.h</file>
            <file>file:/C:/Users/Alex/Documents/Repos/DoneAFuckyWucky/Lab02/skaug015_Lab02_V1.X/skaug015_Lab02_main.c</file>
            <file>file:/C:/Users/Alex/Documents/Repos/DoneAFuckyWucky/Lab02/skaug015_Lab02_V1.X/accel_define.h</file>
            <file>file:/C:/Users/Alex/Documents/Repos/DoneAFuckyWucky/Lab02/skaug015_Lab02_V1.X/io_setup.h</file>
            <file>file:/C:/Users/Alex/Documents/Repos/DoneAFuckyWucky/Lab02/skaug015_Lab02_V1.X/accel_define.c</file>
            <file>file:/C:/Users/Alex/Documents/Repos/DoneAFuckyWucky/Lab02/skaug015_Lab02_V1.X/accel_read_z.c</file>
            <file>file:/C:/Users/Alex/Documents/Repos/DoneAFuckyWucky/Lab02/skaug015_Lab02_V1.X/spi2_write_register.c</file>
            <file>file:/C:/Users/Alex/Documents/Repos/DoneAFuckyWucky/Lab02/skaug015_Lab02_V1.X/accel_read_x.c</file>
            <file>file:/C:/Users/Alex/Documents/Repos/DoneAFuckyWucky/Lab02/skaug015_Lab02_V1.X/accel_setup.c</file>
            <file>file:/C:/Users/Alex/Documents/Repos/DoneAFuckyWucky/Lab02/skaug015_Lab02_V1.X/spi2_setup.c</file>
            <file>file:/C:/Users/Alex/Documents/Repos/DoneAFuckyWucky/Lab02/skaug015_Lab02_V1.X/accel_read_y.c</file>
            <file>file:/C:/Users/Alex/Documents/Repos/DoneAFuckyWucky/Lab02/skaug015_Lab02_V1.X/uart1_setup.c</file>
        </group>
    </open-files>
</project-private>
